{
  "collection_date": "2025-04-07T11:20:09.630500",
  "hourly_wage": {
    "KR": 25.0,
    "JP": 28.0,
    "CN": 8.5,
    "IN": 3.0,
    "TH": 5.5,
    "VN": 3.2,
    "TW": 15.0,
    "EU": 35.0,
    "MX": 6.0
  },
  "social_benefits_pct": {
    "KR": 25.0,
    "JP": 30.0,
    "CN": 40.0,
    "IN": 20.0,
    "TH": 15.0,
    "VN": 22.0,
    "TW": 20.0,
    "EU": 35.0,
    "MX": 30.0
  },
  "total_labor_costs": {
    "KR": 31.25,
    "JP": 36.4,
    "CN": 11.899999999999999,
    "IN": 3.5999999999999996,
    "TH": 6.324999999999999,
    "VN": 3.904,
    "TW": 18.0,
    "EU": 47.25,
    "MX": 7.800000000000001
  }
}