{
  "collection_date": "2025-04-07T11:20:09.633792",
  "logistics_performance": {
    "KR": 3.8,
    "JP": 4.0,
    "CN": 3.6,
    "IN": 3.2,
    "TH": 3.4,
    "VN": 3.3,
    "TW": 3.7,
    "EU": 4.1,
    "MX": 3.1
  },
  "local_transport_costs": {
    "KR": 1.8,
    "JP": 2.2,
    "CN": 1.2,
    "IN": 0.9,
    "TH": 1.0,
    "VN": 0.8,
    "TW": 1.5,
    "EU": 2.5,
    "MX": 1.1
  },
  "logistics_cost_index": {
    "KR": 30.189473684210526,
    "JP": 32.6,
    "CN": 26.266666666666666,
    "IN": 25.950000000000003,
    "TH": 25.647058823529413,
    "VN": 24.58181818181818,
    "TW": 28.216216216216218,
    "EU": 34.63414634146342,
    "MX": 28.15483870967742
  }
}