{
  "collection_date": "2025-04-07T11:20:09.637801",
  "weights": {
    "corporate_tax": 0.1,
    "interest_rate": 0.05,
    "labor_cost": 0.35,
    "land_cost": 0.1,
    "utility_cost": 0.15,
    "logistics_cost": 0.15,
    "fx_inflation_risk": 0.1
  },
  "normalized_costs": {
    "corporate_tax": {
      "KR": 100.0,
      "JP": 122.48000000000002,
      "CN": 100.0,
      "IN": 100.68,
      "TH": 80.0,
      "VN": 80.0,
      "TW": 80.0,
      "EU": 86.8,
      "MX": 120.0
    },
    "interest_rate": {
      "KR": 100.0,
      "JP": 2.857142857142857,
      "CN": 98.57142857142858,
      "IN": 185.71428571428572,
      "TH": 71.42857142857143,
      "VN": 128.57142857142858,
      "TW": 53.57142857142857,
      "EU": 107.14285714285714,
      "MX": 314.2857142857143
    },
    "labor_cost": {
      "KR": 100.0,
      "JP": 116.48,
      "CN": 38.08,
      "IN": 11.519999999999998,
      "TH": 20.24,
      "VN": 12.492799999999999,
      "TW": 57.599999999999994,
      "EU": 151.2,
      "MX": 24.96
    },
    "land_cost": {
      "KR": 100.0,
      "JP": 150.0,
      "CN": 70.83333333333334,
      "IN": 33.33333333333333,
      "TH": 41.66666666666667,
      "VN": 37.5,
      "TW": 83.33333333333334,
      "EU": 125.0,
      "MX": 50.0
    },
    "utility_cost": {
      "KR": 100.0,
      "JP": 118.36188436830837,
      "CN": 75.05353319057816,
      "IN": 66.91648822269808,
      "TH": 83.43147751605996,
      "VN": 78.50642398286939,
      "TW": 91.67558886509637,
      "EU": 127.35546038543899,
      "MX": 59.74304068522485
    },
    "logistics_cost": {
      "KR": 100.0,
      "JP": 107.98465829846585,
      "CN": 87.00604370060437,
      "IN": 85.95711297071131,
      "TH": 84.95364673065879,
      "VN": 81.4251299606948,
      "TW": 93.46375664367297,
      "EU": 114.72259074055178,
      "MX": 93.26044900346426
    },
    "fx_inflation_risk": {
      "KR": 100.0,
      "JP": 80.95238095238095,
      "CN": 55.23809523809524,
      "IN": 100.0,
      "TH": 66.66666666666666,
      "VN": 76.19047619047619,
      "TW": 55.23809523809524,
      "EU": 82.85714285714285,
      "MX": 133.33333333333331
    }
  },
  "manufacturing_cost_index": {
    "KR": 100.0,
    "JP": 110.20607663811137,
    "CN": 65.17265081939166,
    "IN": 59.650087798059026,
    "TH": 54.746530541769715,
    "VN": 54.15983213915368,
    "TW": 72.46661611202968,
    "EU": 124.05456481175577,
    "MX": 77.7341425009224
  }
}