{
  "collection_date": "2025-04-07T11:35:02.337005",
  "electricity_costs": {
    "KR": 0.11,
    "JP": 0.17,
    "CN": 0.09,
    "IN": 0.1,
    "TH": 0.12,
    "VN": 0.08,
    "TW": 0.1,
    "EU": 0.18,
    "MX": 0.12
  },
  "water_costs": {
    "KR": 0.7,
    "JP": 1.2,
    "CN": 0.5,
    "IN": 0.4,
    "TH": 0.45,
    "VN": 0.35,
    "TW": 0.65,
    "EU": 1.5,
    "MX": 0.6
  },
  "gas_costs": {
    "KR": 12.0,
    "JP": 14.0,
    "CN": 9.0,
    "IN": 8.0,
    "TH": 10.0,
    "VN": 9.5,
    "TW": 11.0,
    "EU": 15.0,
    "MX": 7.0
  },
  "utility_cost_index": {
    "KR": 373.59999999999997,
    "JP": 442.20000000000005,
    "CN": 280.4,
    "IN": 250.0,
    "TH": 311.7,
    "VN": 293.3,
    "TW": 342.5,
    "EU": 475.8,
    "MX": 223.20000000000002
  }
}