{
  "collection_date": "2025-04-03T20:10:09.458430",
  "product_category": null,
  "manufacturing_cost_index": {
    "KR": 100.0,
    "JP": 110.20607663811137,
    "CN": 65.17265081939166,
    "IN": 59.650087798059026,
    "TH": 54.746530541769715,
    "VN": 54.15983213915368,
    "TW": 72.46661611202968,
    "EU": 124.05456481175577,
    "MX": 77.7341425009224
  },
  "normalized_freight_costs": {
    "KR": 20.0,
    "JP": 21.333333333333332,
    "CN": 23.111111111111107,
    "IN": 28.88888888888889,
    "TH": 26.666666666666664,
    "VN": 25.77777777777778,
    "TW": 20.444444444444443,
    "EU": 24.444444444444446,
    "MX": 14.222222222222223
  },
  "tariff_rates": {
    "KR": 25.0,
    "JP": 27.708,
    "CN": 53.36,
    "IN": 27.708,
    "TH": 27.708,
    "VN": 27.708,
    "TW": 27.708,
    "EU": 26.311999999999998,
    "MX": 0.0
  },
  "effective_tariff_rates": {
    "KR": 0.0,
    "JP": 27.708,
    "CN": 53.36,
    "IN": 27.708,
    "TH": 27.708,
    "VN": 27.708,
    "TW": 27.708,
    "EU": 26.311999999999998,
    "MX": 0.0
  },
  "export_price_index": {
    "KR": 82.0,
    "JP": 93.94288861531123,
    "CN": 59.16005330323607,
    "IN": 53.06219709337806,
    "TH": 48.719687968333794,
    "VN": 48.12055478467906,
    "TW": 62.592116999966976,
    "EU": 105.5954022253982,
    "MX": 63.60953622296015
  }
}