{
  "collection_date": "2025-04-07T11:42:35.407039",
  "product_category": "EPS 모터",
  "manufacturing_cost_index": {
    "KR": 100.0,
    "JP": 108.84303216001894,
    "CN": 61.690035286752604,
    "IN": 55.91921430512661,
    "TH": 53.77066262350944,
    "VN": 52.688858039405886,
    "TW": 71.674320499689,
    "EU": 128.02398131327206,
    "MX": 71.79342411927169
  },
  "normalized_freight_costs": {
    "KR": 20.0,
    "JP": 21.333333333333332,
    "CN": 23.111111111111107,
    "IN": 28.88888888888889,
    "TH": 26.666666666666664,
    "VN": 25.77777777777778,
    "TW": 20.444444444444443,
    "EU": 24.444444444444446,
    "MX": 14.222222222222223
  },
  "tariff_rates": {
    "KR": 23.14814814814815,
    "JP": 25.84444444444444,
    "CN": 51.43703703703704,
    "IN": 25.833333333333332,
    "TH": 25.833333333333332,
    "VN": 25.833333333333332,
    "TW": 25.84444444444444,
    "EU": 24.36296296296296,
    "MX": 0.0
  },
  "effective_tariff_rates": {
    "KR": 0.0,
    "JP": 25.84444444444444,
    "CN": 51.43703703703704,
    "IN": 25.833333333333332,
    "TH": 25.833333333333332,
    "VN": 25.833333333333332,
    "TW": 25.84444444444444,
    "EU": 24.36296296296296,
    "MX": 0.0
  },
  "export_price_index": {
    "KR": 82.0,
    "JP": 92.57209490732113,
    "CN": 56.025059048563314,
    "IN": 49.81513633216891,
    "TH": 47.76116110547043,
    "VN": 46.75591896791306,
    "TW": 61.76465914708514,
    "EU": 108.57821210481862,
    "MX": 58.85696151763958
  }
}