{
  "hs_code": "8501.31",
  "product_description": "DC 모터, 출력 750W 이하",
  "base_country": "KR",
  "calculation_date": "2025-04-07",
  "export_price_index": {
    "KR": 100.0,
    "JP": 134.76365039168078,
    "CN": 107.19273613363438,
    "IN": 95.52716015663498,
    "TH": 88.73654755738183,
    "VN": 87.38985312175946,
    "TW": 101.32495576469265,
    "EU": 129.38107754361963,
    "MX": 76.35070802164043
  }
}