{
  "collection_date": "2025-04-03T20:10:10.162820",
  "product_category": "EPS 모터",
  "manufacturing_cost_index": {
    "KR": 100.0,
    "JP": 108.84303216001894,
    "CN": 61.690035286752604,
    "IN": 55.91921430512661,
    "TH": 53.77066262350944,
    "VN": 52.688858039405886,
    "TW": 71.674320499689,
    "EU": 128.02398131327206,
    "MX": 71.79342411927169
  },
  "normalized_freight_costs": {
    "KR": 20.0,
    "JP": 21.333333333333332,
    "CN": 23.111111111111107,
    "IN": 28.88888888888889,
    "TH": 26.666666666666664,
    "VN": 25.77777777777778,
    "TW": 20.444444444444443,
    "EU": 24.444444444444446,
    "MX": 14.222222222222223
  },
  "tariff_rates": {
    "KR": 25.0,
    "JP": 27.708,
    "CN": 53.36,
    "IN": 27.708,
    "TH": 27.708,
    "VN": 27.708,
    "TW": 27.708,
    "EU": 26.311999999999998,
    "MX": 0.0
  },
  "effective_tariff_rates": {
    "KR": 0.0,
    "JP": 27.708,
    "CN": 53.36,
    "IN": 27.708,
    "TH": 27.708,
    "VN": 27.708,
    "TW": 27.708,
    "EU": 26.311999999999998,
    "MX": 0.0
  },
  "export_price_index": {
    "KR": 82.0,
    "JP": 92.8146857964383,
    "CN": 56.1881285123032,
    "IN": 49.97412325628996,
    "TH": 47.91195428544641,
    "VN": 46.90301775452501,
    "TW": 61.9363275832677,
    "EU": 108.87537871359913,
    "MX": 58.85696151763958
  }
}