{
  "collection_date": "2025-04-07T11:20:10.640028",
  "product_category": null,
  "manufacturing_cost_index": {
    "KR": 100.0,
    "JP": 110.20607663811137,
    "CN": 65.17265081939166,
    "IN": 59.650087798059026,
    "TH": 54.746530541769715,
    "VN": 54.15983213915368,
    "TW": 72.46661611202968,
    "EU": 124.05456481175577,
    "MX": 77.7341425009224
  },
  "normalized_freight_costs": {
    "KR": 20.0,
    "JP": 21.333333333333332,
    "CN": 23.111111111111107,
    "IN": 28.88888888888889,
    "TH": 26.666666666666664,
    "VN": 25.77777777777778,
    "TW": 20.444444444444443,
    "EU": 24.444444444444446,
    "MX": 14.222222222222223
  },
  "tariff_rates": {
    "KR": 23.14814814814815,
    "JP": 25.84444444444444,
    "CN": 51.43703703703704,
    "IN": 25.833333333333332,
    "TH": 25.833333333333332,
    "VN": 25.833333333333332,
    "TW": 25.84444444444444,
    "EU": 24.36296296296296,
    "MX": 0.0
  },
  "effective_tariff_rates": {
    "KR": 0.0,
    "JP": 25.84444444444444,
    "CN": 51.43703703703704,
    "IN": 25.833333333333332,
    "TH": 25.833333333333332,
    "VN": 25.833333333333332,
    "TW": 25.84444444444444,
    "EU": 24.36296296296296,
    "MX": 0.0
  },
  "export_price_index": {
    "KR": 82.0,
    "JP": 93.69775761708445,
    "CN": 58.99028689881268,
    "IN": 52.89621602508226,
    "TH": 48.56706536130038,
    "VN": 47.97069841195478,
    "TW": 62.418972076894406,
    "EU": 105.30597215639456,
    "MX": 63.60953622296015
  }
}